hwd;pronSampa;ipa
katherine;k { T 3:r i n;kæθɜ:rin
shewmake;S u m eI k;ʃum?k
laube;l O: b;lOːb
kiribati;k I r\ I b A 4 i:;kɪɹɪbɑɾiː
valency;v @ l E n s i:;vəlɛnsiː
harkins;h A r\ k i n z;hɑɹkinz
bahena;b { h i n @;bæhinə
lengthen;l E N T @ n;lɛŋθən
pepsi;p E p s i:;pɛpsiː
charest;tS A r\ eI i s t;?ɑɹ?ist
ingemar(2);I N g i m A r\;ɪŋgimɑɹ
baton(2);b { t A n;bætɑn
rasch;r\ { S;ɹæʃ
miyamori;m i: A m O: r\ i:;miːɑmOːɹiː
embalm;E m b A m;ɛmbɑm
mavis;m eI v i s;m?vis
premature;p r\ i: m @ tS U r\;pɹiːmə?ʊɹ
philby;f I l b i:;fɪlbiː
divens;d aI v @ n z;d?vənz
dennis;d E n i s;dɛnis
blurs;b l 3:r z;blɜ:rz
mcqueary;m @ k w I r\ i:;məkwɪɹiː
reuther;r\ OI D 3:r;ɹ?ðɜ:r
pretended(2);p r\ i: t E n d i d;pɹiːtɛndid
hearths;h A r\ T s;hɑɹθs
sit;s I t;sɪt
hoffecker;h O: f i k 3:r;hOːfikɜ:r
bagels;b eI g @ l z;b?gəlz
burkard;b 3:r k 3:r d;bɜ:rkɜ:rd
izard;I z 3:r d;ɪzɜ:rd
parsefal;p A r\ s i f @ l;pɑɹsifəl
semantics;s i m { n t i k s;simæntiks
dornbusch;d O: r\ n b U S;dOːɹnbʊʃ
timberlands;t I m b 3:r l { n d z;tɪmbɜ:rlændz
kingdom;k I N d @ m;kɪŋdəm
meurer;m 3:r 3:r;mɜ:rɜ:r
ara;{ r\ @;æɹə
hoaglund;h @U g l @ n d;hoʊglənd
sporer;s p O: r\ 3:r;spOːɹɜ:r
tic;t I k;tɪk
cancerous;k { n s 3:r @ s;kænsɜ:rəs
zachow;z A k @U;zɑkoʊ
relinquishing;r\ i: l I N k w i S i N;ɹiːlɪŋkwiʃiŋ
homiletic;h A m @ l E 4 i k;hɑməlɛɾik
vauxhall;v A k s h O: l;vɑkshOːl
leichtman;l aI k t m @ n;l?ktmən
purgason;p 3:r g @ s @ n;pɜ:rgəsən
coefficient;k @U @ f I S @ n t;koʊəfɪʃənt
sketchbooks;s k E tS b U k s;skɛ?bʊks
cantle;k { n t @ l;kæntəl
jorio;dZ O: r\ i: @U;?Oːɹiːoʊ
newby;n u b i:;nubiː
pinkard;p I N k 3:r d;pɪŋkɜ:rd
rousey;r\ aU s i:;ɹ?siː
rexford;r\ E k s f 3:r d;ɹɛksfɜ:rd
borgeson;b O: r\ g i s @ n;bOːɹgisən
financer;f aI n { n s 3:r;f?nænsɜ:r
rhein;r\ aI n;ɹ?n
harbury;h A r\ b 3:r i:;hɑɹbɜ:riː
presser;p r\ E s 3:r;pɹɛsɜ:r
lumbering;l V m b 3:r i N;lʌmbɜ:riŋ
gawk;g O: k;gOːk
leverage(2);l E v r\ @ dZ;lɛvɹə?
nevil;n eI v i: l;n?viːl
lockmiller;l A k m I l 3:r;lɑkmɪlɜ:r
milacron's;m I l @ k r\ A n z;mɪləkɹɑnz
minicar;m I n i: k A r\;mɪniːkɑɹ
mashaw;m { S O:;mæʃOː
rivard;r\ I v 3:r d;ɹɪvɜ:rd
dismisses;d i s m I s i z;dismɪsiz
tacker;t { k 3:r;tækɜ:r
mcguire;m @ g w aI r\;məgw?ɹ
scandalize;s k { n d @ l aI z;skændəl?z
kovacevich;k @ v A tS i v i tS;kəvɑ?ivi?
trojanowski;t r\ @ j @ n O: f s k i:;tɹəjənOːfskiː
demarest;d eI m A r\ eI i s t;d?mɑɹ?ist
celebrate;s E l @ b r\ eI t;sɛləbɹ?t
lorino;l O: r\ i: n @U;lOːɹiːnoʊ
conferred;k @ n f 3:r d;kənfɜ:rd
audry;O: d r\ i:;Oːdɹiː
doornail;d O: r\ n eI l;dOːɹn?l
rudie;r\ u 4 i:;ɹuɾiː
leeper;l i: p 3:r;liːpɜ:r
stoever;s t A E v 3:r;stɑɛvɜ:r
urbanchuk;3:r b V n tS @ k;ɜ:rbʌn?ək
windhorst;w I n d h O: r\ s t;wɪndhOːɹst
scioli;s i: @U l i:;siːoʊliː
sprawls;s p r\ O: l z;spɹOːlz
demean;d i m i: n;dimiːn
fielder's;f i: l d 3:r z;fiːldɜ:rz
hornby;h O: r\ n b i:;hOːɹnbiː
waddy;w A 4 i:;wɑɾiː
throm;T r\ A m;θɹɑm
fredrikson;f r\ E d r\ i k s @ n;fɹɛdɹiksən
guitierrez;g w i: t I r\ E z;gwiːtɪɹɛz
propellers;p r\ @ p E l 3:r z;pɹəpɛlɜ:rz
tin;t I n;tɪn
news';n u z;nuz
duis(2);d i: j u aI z;diːju?z
bratz;b r\ { t s;bɹæts
wik;w I k;wɪk
bargains(2);b A r\ g i n z;bɑɹginz
buttafuoco's;b u 4 @ f w @U k @U z;buɾəfwoʊkoʊz
screwed;s k r\ u d;skɹud
gender;dZ E n d 3:r;?ɛndɜ:r
uniformly;j u n @ f O: r\ m l i:;junəfOːɹmliː
provosts;p r\ @U v @U s t s;pɹoʊvoʊsts
diery;d I r\ i:;dɪɹiː
retirement;r\ i: t aI 3:r m @ n t;ɹiːt?ɜ:rmənt
masturbating;m { s t 3:r b eI 4 i N;mæstɜ:rb?ɾiŋ
colquitt;k @U l k w i t;koʊlkwit
maire;m E r\;mɛɹ
heyer;h eI 3:r;h?ɜ:r
timor's;t i: m O: r\ z;tiːmOːɹz
genre;Z A n r\ @;ʒɑnɹə
electrochemical;@ l E k t r\ @U k E m i k @ l;əlɛktɹoʊkɛmikəl
brownouts;b r\ aU n aU t s;bɹ?n?ts
viani;v i: A n i:;viːɑniː
bloods;b l V d z;blʌdz
pedroli;p E d r\ @U l i:;pɛdɹoʊliː
colab;k @U l { b;koʊlæb
millisent;m I l @ s @ n t;mɪləsənt
cuenca;k w E n k @;kwɛnkə
bab;b { b;bæb
cyr;s I r\;sɪɹ
faces;f eI s @ z;f?səz
helpings;h E l p i N z;hɛlpiŋz
pint-size;p aI n t s aI z;p?nts?z
susannah;s u s { n @;susænə
matkins;m { t k i n z;mætkinz
individualistic(2);I n d @ v I dZ u @ l I s t i k;ɪndəvɪ?uəlɪstik
sociology;s @U s i: A l @ dZ i:;soʊsiːɑlə?iː
wagons;w { g @ n z;wægənz
zanni;z { n i:;zæniː
hampshire's;h { m p S 3:r z;hæmpʃɜ:rz
beene;b i: n;biːn
edmister;E d m i s t 3:r;ɛdmistɜ:r
neat;n i: t;niːt
raeder;r\ E 4 3:r;ɹɛɾɜ:r
clouds;k l aU d z;kl?dz
restrict;r\ i: s t r\ I k t;ɹiːstɹɪkt
cedeno;tS E d E n @U;?ɛdɛnoʊ
inflaming;i n f l eI m i N;infl?miŋ
dreamland;d r\ i: m l { n d;dɹiːmlænd
cryogenics;k r\ aI @ dZ E n i k s;kɹ?ə?ɛniks
spiker;s p aI k 3:r;sp?kɜ:r
nonmanagement;n A n m { n i dZ m @ n t;nɑnmæni?mənt
hudler;h u 4 @ l 3:r;huɾəlɜ:r
quiche;k i: S;kiːʃ
gentian;dZ E n S @ n;?ɛnʃən
lobstermen;l A b s t 3:r m i n;lɑbstɜ:rmin
lambreau;l { m b r\ @U;læmbɹoʊ
semireligious(3);s E m aI r\ i l I dZ @ s;sɛm?ɹilɪ?əs
goulston;g u l s t @ n;gulstən
revuelta;r\ @ v w E l t @;ɹəvwɛltə
waibel;w eI b @ l;w?bəl
ash;{ S;æʃ
eckrote;E k r\ @ t;ɛkɹət
fashion;f { S @ n;fæʃən
novelly;n @U v @ l i:;noʊvəliː
wolfenden;w U l f E n d @ n;wʊlfɛndən
brumley;b r\ V m l i:;bɹʌmliː
alarid;@ l E r\ i d;əlɛɹid
haydu;h eI 4 u;h?ɾu
klepfer;k l E p f 3:r;klɛpfɜ:r
sobek;s @U b i k;soʊbik
paille;p eI l;p?l
leinart;l aI n A r\ t;l?nɑɹt
gartland;g A r\ t l @ n d;gɑɹtlənd
bachelor's;b { tS @ l 3:r z;bæ?əlɜ:rz
festival's;f E s t i v @ l z;fɛstivəlz
yeldell;j E l d @ l;jɛldəl
teta;t E 4 @;tɛɾə
glaciated(2);g l eI s i: eI 4 @ d;gl?siː?ɾəd
listening(2);l I s n i N;lɪsniŋ
herner;h 3:r n 3:r;hɜ:rnɜ:r
lapiana;l A p i: { n @;lɑpiːænə
colonize;k A l @ n aI z;kɑlən?z
kubick;k j u b i k;kjubik
cosentino;k @U s E n t i: n @U;koʊsɛntiːnoʊ
extinguishment;i k s t I N g w i S m @ n t;ikstɪŋgwiʃmənt
macdiarmid;m @ k d I r\ m i d;məkdɪɹmid
oh;@U;oʊ
mosses;m O: s @ z;mOːsəz
rudzinski;r\ @ dZ I n s k i:;ɹə?ɪnskiː
crotty;k r\ A 4 i:;kɹɑɾiː
biscardi;b i s k A r\ 4 i:;biskɑɹɾiː
boorman;b U r\ m @ n;bʊɹmən
moan;m @U n;moʊn
norms;n O: r\ m z;nOːɹmz
embroidered;E m b r\ OI 4 3:r d;ɛmbɹ?ɾɜ:rd
texan's;t E k s @ n z;tɛksənz
skirl;s k 3:r l;skɜ:rl
motter;m A 4 3:r;mɑɾɜ:r
proposal;p r\ @ p @U z @ l;pɹəpoʊzəl
ma;m A;mɑ
reininger;r\ aI n i N 3:r;ɹ?niŋɜ:r
wiman;w aI m @ n;w?mən
disgraceful;d i s g r\ eI s f @ l;disgɹ?sfəl
rosalyn;r\ A z @ l i n;ɹɑzəlin
hoots;h u t s;huts
hainline;h eI n l aI n;h?nl?n
winther;w I n T 3:r;wɪnθɜ:r
thaler;T eI l 3:r;θ?lɜ:r
tamke;t { m k i:;tæmkiː
denzil;d E n z @ l;dɛnzəl
nilles;n aI l z;n?lz
koppen;k A p @ n;kɑpən
carbonaro;k A r\ b @U n A r\ @U;kɑɹboʊnɑɹoʊ
partenope;p A r\ t @ n @U p;pɑɹtənoʊp
steber;s t i: b 3:r;stiːbɜ:r
markland;m A r\ k l @ n d;mɑɹklənd
hatty;h { 4 i:;hæɾiː
hennessey;h E n @ s i:;hɛnəsiː
harsham;h A r\ S @ m;hɑɹʃəm
keisler;k aI s @ l 3:r;k?səlɜ:r
carriveau;k { r\ i v @U;kæɹivoʊ
finian;f I n i: @ n;fɪniːən
peerson;p I r\ s @ n;pɪɹsən
risque;r\ I s k eI;ɹɪsk?
redstone's;r\ E d s t @U n z;ɹɛdstoʊnz
shoultz;S @U l t s;ʃoʊlts
sabella;s @ b E l @;səbɛlə
haitien;h eI S @ n;h?ʃən
rusting;r\ V s t i N;ɹʌstiŋ
peretz;p 3:r i t s;pɜ:rits
hemodynamics;h E m @U d aI n { m i k s;hɛmoʊd?næmiks
anzio;{ n z i: @U;ænziːoʊ
alpex;{ l p E k s;ælpɛks
hoster;h @U s t 3:r;hoʊstɜ:r
trampe;t r\ { m p;tɹæmp
belushi;b E l u S i:;bɛluʃiː
clearing;k l I r\ i N;klɪɹiŋ
insecurity;I n s i k j U r\ i 4 i:;ɪnsikjʊɹiɾiː
hakala;h @ k A l @;həkɑlə
melina;m E l i: n @;mɛliːnə
villani;v i: l A n i:;viːlɑniː
valentia;v A l E n S @;vɑlɛnʃə
leaker;l i: k 3:r;liːkɜ:r
marthaler;m A r\ T @ l 3:r;mɑɹθəlɜ:r
walby;w O: l b i:;wOːlbiː
schweich;S w aI k;ʃw?k
exclaims;i k s k l eI m z;ikskl?mz
recharge;r\ i: tS A r\ dZ;ɹiː?ɑɹ?
twirled;t w 3:r l d;twɜ:rld
raybould;r\ eI b @U l d;ɹ?boʊld
brenning;b r\ E n i N;bɹɛniŋ
heintz;h aI n t s;h?nts
sani(2);s { n i;sæni
tobu;t @U b u;toʊbu
uneven;@ n i: v @ n;əniːvən
demar;d i m A r\;dimɑɹ
indians';I n d i: @ n z;ɪndiːənz
hanly;h { n l i:;hænliː
holtzman;h @U l t s m @ n;hoʊltsmən
siders;s aI 4 3:r z;s?ɾɜ:rz
intermedic;I n t 3:r m E 4 i k;ɪntɜ:rmɛɾik
wacky;w { k i:;wækiː
myrtice;m I r\ 4 i s;mɪɹɾis
toyota's;t @U j @U 4 @ z;toʊjoʊɾəz
cerska;k 3:r s k @;kɜ:rskə
boeing;b @U i N;boʊiŋ
gatch;g { tS;gæ?
bustle;b V s @ l;bʌsəl
atone;@ t @U n;ətoʊn
winton;w I n t @ n;wɪntən
appertain;{ p 3:r t eI n;æpɜ:rt?n
ashmead;{ S m i: d;æʃmiːd
tramonte;t r\ A m @U n t i:;tɹɑmoʊntiː
allegheny's;{ l @ g eI n i: z;æləg?niːz
zionists;z aI @ n i s t s;z?ənists
hilmes;h I l m z;hɪlmz
ludites;l u 4 aI t s;luɾ?ts
datron;d { t r\ @ n;dætɹən
salvato;s A l v A 4 @U;sɑlvɑɾoʊ
lusch;l V S;lʌʃ
mcglasson;m @ g l { s @ n;məglæsən
woolen;w U l @ n;wʊlən
evading;i v eI 4 i N;iv?ɾiŋ
helsley;h E l s l i:;hɛlsliː
apprentice(2);@ p r\ E n t i s;əpɹɛntis
heffern;h E f 3:r n;hɛfɜ:rn
override;@U v 3:r r\ aI d;oʊvɜ:rɹ?d
sorce;s O: r\ s;sOːɹs
anchorman(2);{ N k 3:r m @ n;æŋkɜ:rmən
westrich;w E s t r\ i k;wɛstɹik
whitaker(2);h w I 4 @ k 3:r;hwɪɾəkɜ:r
sunbelt;s V n b E l t;sʌnbɛlt
poconos;p @U k @ n @U z;poʊkənoʊz
homeric;h @U m E r\ i k;hoʊmɛɹik
coprocessor;k @U p r\ A s E s 3:r;koʊpɹɑsɛsɜ:r
midstream;m I d s t r\ i: m;mɪdstɹiːm
exonerated;i g z A n 3:r eI 4 i d;igzɑnɜ:r?ɾid
whippany;w I p @ n i:;wɪpəniː
holderness;h @U l d 3:r n @ s;hoʊldɜ:rnəs
prospera;p r\ @U s p E r\ @;pɹoʊspɛɹə
vanhooser;v { n h u z 3:r;vænhuzɜ:r
autonomous;O: t A n @ m @ s;Oːtɑnəməs
petunia;p @ t u n i: @;pətuniːə
murdoch's;m 3:r 4 A k s;mɜ:rɾɑks
emblems;E m b l @ m z;ɛmbləmz
cradling;k r\ eI 4 @ l i N;kɹ?ɾəliŋ
metro;m E t r\ @U;mɛtɹoʊ
shag;S { g;ʃæg
breeden;b r\ i: d @ n;bɹiːdən
sandwiched;s { n d w I tS t;sændwɪ?t
kimrey;k I m r\ i:;kɪmɹiː
crabeater;k r\ { b i: 4 3:r;kɹæbiːɾɜ:r
razorback's;r\ eI z 3:r b { k s;ɹ?zɜ:rbæks
prevail(2);p r\ i: v eI l;pɹiːv?l
harmel;h A r\ m @ l;hɑɹməl
confectionaries;k @ n f E k S @ n E r\ i: z;kənfɛkʃənɛɹiːz
abo's;A b @U z;ɑboʊz
assemblers;@ s E m b l 3:r z;əsɛmblɜ:rz
brian;b r\ aI @ n;bɹ?ən
prairie's;p r\ E r\ i: z;pɹɛɹiːz
heinold;h aI n @U l d;h?noʊld
dinneen;d i n i: n;diniːn
mertes;m E r\ 4 E s;mɛɹɾɛs
celnik;s E l n i k;sɛlnik
aviaries;eI v i: E r\ i: z;?viːɛɹiːz
forte;f O: r\ 4 eI;fOːɹɾ?
paperworkers;p eI p 3:r w 3:r k 3:r z;p?pɜ:rwɜ:rkɜ:rz
slappey;s l { p i:;slæpiː
truck;t r\ V k;tɹʌk
cornered;k O: r\ n 3:r d;kOːɹnɜ:rd
kossuth;k A s @ T;kɑsəθ
mcgalliard;m @ g { l i: A r\ d;məgæliːɑɹd
brazeau;b r\ @ z @U;bɹəzoʊ
postholes;p @U s t h @U l z;poʊsthoʊlz
compufund;k A m p j u f V n d;kɑmpjufʌnd
columnists(2);k A l @ m n @ s s;kɑləmnəss
rewards(2);r\ i: w O: r\ d z;ɹiːwOːɹdz
giggling(2);g I g l i N;gɪgliŋ
ganske;g { n s k;gænsk
entomologist;E n t @ m A l @ dZ @ s t;ɛntəmɑlə?əst
lenses(2);l E n z i z;lɛnziz
desanti;d i s A n t i:;disɑntiː
wilham;w I l h @ m;wɪlhəm
eccentricity;E k s @ n t r\ I s @ 4 i:;ɛksəntɹɪsəɾiː
tatlock;t { t l A k;tætlɑk
forebrain;f O: r\ b r\ eI n;fOːɹbɹ?n
eventually(2);i v E n S @ l i:;ivɛnʃəliː
cup;k V p;kʌp
kiyotaka;k i: @U t A k @;kiːoʊtɑkə
schechtman;S E k t m @ n;ʃɛktmən
canavan;k { n @ v { n;kænəvæn
nowak;n @U v { k;noʊvæk
pingree;p i N g r\ i:;piŋgɹiː
pachter;p { k t 3:r;pæktɜ:r
rosalez;r\ @U s A l E z;ɹoʊsɑlɛz
emplacements;i m p l eI s m @ n t s;impl?smənts
phetteplace;f E t p l eI s;fɛtpl?s
marinas;m 3:r i: n @ z;mɜ:riːnəz
tanzania(2);t { n z @ n i: @;tænzəniːə
crossbills;k r\ O: s b I l z;kɹOːsbɪlz
boca;b @U k @;boʊkə
merwe;m 3:r w i:;mɜ:rwiː
zahn;z { n;zæn
rumer;r\ u m 3:r;ɹumɜ:r
fajardo;f A j A r\ 4 @U;fɑjɑɹɾoʊ
chisler(2);tS I s l 3:r;?ɪslɜ:r
from(2);f 3:r m;fɜ:rm
riskless;r\ I s k l @ s;ɹɪskləs
furby;f 3:r b i:;fɜ:rbiː
reul;r\ u l;ɹul
lacerte;l A tS E r\ 4 i:;lɑ?ɛɹɾiː
fiebig;f i: b i g;fiːbig
rainforests(3);r\ aI n f O: r\ @ s;ɹ?nfOːɹəs
angiomedics;{ n dZ i: @U m E 4 i k s;æn?iːoʊmɛɾiks
orvin;O: r\ v i n;Oːɹvin
gloats;g l @U t s;gloʊts
slemp;s l E m p;slɛmp
abby;{ b i:;æbiː
catain(2);k @ t eI n;kət?n
pullin;p U l i n;pʊlin
mariam;m E r\ i: { m;mɛɹiːæm
recollect(2);r\ i: k @ l E k t;ɹiːkəlɛkt
poorly;p U r\ l i:;pʊɹliː
monorail;m A n 3:r eI l;mɑnɜ:r?l
singular;s I N g j @ l 3:r;sɪŋgjəlɜ:r
interrupt(2);I n 3:r V p t;ɪnɜ:rʌpt
beltsville;b E l t s v I l;bɛltsvɪl
forints;f O: r\ i n t s;fOːɹints
rolla;r\ A l @;ɹɑlə
ladakh;l A 4 @ k;lɑɾək
healthful;h E l T f @ l;hɛlθfəl
poops;p u p s;pups
dormitories;d O: r\ m @ t O: r\ i: z;dOːɹmətOːɹiːz
stenholm;s t E n h @U l m;stɛnhoʊlm
citron;s I t r\ @ n;sɪtɹən
spurlock;s p 3:r l A k;spɜ:rlɑk
sensuality;s E n tS @ w { l @ 4 i:;sɛn?əwæləɾiː
sifford;s I f 3:r d;sɪfɜ:rd
boaters;b @U 4 3:r z;boʊɾɜ:rz
missimer;m I s i m 3:r;mɪsimɜ:r
tiede;t i: d;tiːd
weisz;v aI S;v?ʃ
trimm;t r\ I m;tɹɪm
pressure;p r\ E S 3:r;pɹɛʃɜ:r
chooses(2);tS u z i z;?uziz
relaxed(2);r\ i: l { k s t;ɹiːlækst
oregon's(2);O: r\ @ g A n z;Oːɹəgɑnz
cellophane;s E l @ f eI n;sɛləf?n
wildwoods;w aI l d w U d z;w?ldwʊdz
chieftains;tS i: f t @ n z;?iːftənz
froning;f r\ @U n i N;fɹoʊniŋ
seminoles;s E m i n @U l z;sɛminoʊlz
franta;f r\ { n t @;fɹæntə
hupe;h j u p;hjup
overlaid;@U v 3:r l eI d;oʊvɜ:rl?d
matzen;m { t z @ n;mætzən
seedpod;s i: d p A d;siːdpɑd
verboten;v 3:r b @U t @ n;vɜ:rboʊtən
metro's;m E t r\ @U z;mɛtɹoʊz
garrisoned;g { r\ @ s @ n d;gæɹəsənd
ludington;l V 4 i N t @ n;lʌɾiŋtən
dornhens;d O: r\ n h E n z;dOːɹnhɛnz
incredible;i n k r\ E 4 @ b @ l;inkɹɛɾəbəl
merchantmen;m 3:r tS @ n t m i n;mɜ:r?əntmin
slovaks;s l @U v { k s;sloʊvæks
havas;h A v A z;hɑvɑz
tactful;t { k t f @ l;tæktfəl
obermiller;A b 3:r m i l 3:r;ɑbɜ:rmilɜ:r
lugar's;l u g 3:r z;lugɜ:rz
telles;t E l z;tɛlz
carrol;k { r\ @ l;kæɹəl
memotec;m E m @U t E k;mɛmoʊtɛk
mazer;m eI z 3:r;m?zɜ:r
legendre;l E g i n d r\ eI;lɛgindɹ?
alleghanian;{ l @ g eI n i: @ n;æləg?niːən
pehl;p E l;pɛl
everly;E v 3:r l i:;ɛvɜ:rliː
plier;p l aI 3:r;pl?ɜ:r
thousandths(2);T aU z @ n T s;θ?zənθs
delbert;d E l b 3:r t;dɛlbɜ:rt
catalyst's;k { 4 @ l i s t s;kæɾəlists
juday;dZ u d eI;?ud?
thinner;T I n 3:r;θɪnɜ:r
bellomo;b E l @U m @U;bɛloʊmoʊ
parrinello;p A r\ i: n E l @U;pɑɹiːnɛloʊ
hinzman;h I n z m @ n;hɪnzmən
belted(2);b E l t i d;bɛltid
hartmann;h A r\ t m @ n;hɑɹtmən
poly's;p A l i: z;pɑliːz
hypotension;h aI p @U t E n S @ n;h?poʊtɛnʃən
baldo;b A l d @U;bɑldoʊ
meditate;m E 4 @ t eI t;mɛɾət?t
somersetshire;s V m 3:r s E t S aI r\;sʌmɜ:rsɛtʃ?ɹ
experimental(5);i k s p E r\ i m E n @ l;ikspɛɹimɛnəl
depardieu;d i: p A r\ d j V;diːpɑɹdjʌ
podolak;p @ d @U l @ k;pədoʊlək
abaco;{ b @ k @U;æbəkoʊ
babich;b { b i tS;bæbi?
fliss;f l I s;flɪs
orthopedic;O: r\ T @ p i: 4 i k;Oːɹθəpiːɾik
cea(2);s i: @;siːə
fully;f U l i:;fʊliː
school's;s k u l z;skulz
fork-lift;f O: r\ k l I f t;fOːɹklɪft
kwiecinski;k w i: tS I n s k i:;kwiː?ɪnskiː
historical;h i s t O: r\ i k @ l;histOːɹikəl
hollopeter;h A l @ p i: 4 3:r;hɑləpiːɾɜ:r
camerer;k { m 3:r 3:r;kæmɜ:rɜ:r
airplane;E r\ p l eI n;ɛɹpl?n
yelland;j E l @ n d;jɛlənd
houze;h aU z;h?z
maisch;m aI S;m?ʃ
compumat;k A m p j u m { t;kɑmpjumæt
heifers;h E f 3:r z;hɛfɜ:rz
kristoff;k r\ I s t O: f;kɹɪstOːf
redefine;r\ i: 4 i f aI n;ɹiːɾif?n
schwalbach;S w O: l b A k;ʃwOːlbɑk
poignant;p OI n j @ n t;p?njənt
flummox;f l @ m O: k s;fləmOːks
sawtell;s O: t E l;sOːtɛl
cyclists(3);s aI k l i s t s;s?klists
marsland;m A r\ s l @ n d;mɑɹslənd
weekender;w i: k E n d 3:r;wiːkɛndɜ:r
scheffler;S E f @ l 3:r;ʃɛfəlɜ:r
monumental;m A n j @ m E n t @ l;mɑnjəmɛntəl
eoff;eI O: f;?Oːf
draftee;d r\ { f t i:;dɹæftiː
reminding;r\ i: m aI n d i N;ɹiːm?ndiŋ
worland;w 3:r l @ n d;wɜ:rlənd
truscott;t r\ V s k @ t;tɹʌskət
kramlich;k r\ { m l i k;kɹæmlik
terra;t E r\ @;tɛɹə
stuttering;s t V 4 3:r i N;stʌɾɜ:riŋ
replication;r\ E p l @ k eI S @ n;ɹɛplək?ʃən
ozora;@ z O: r\ @;əzOːɹə
klinedinst;k l I n i d i n s t;klɪnidinst
obsessed;@ b s E s t;əbsɛst
mentink;m E n t i N k;mɛntiŋk
ballroom;b O: l r\ u m;bOːlɹum
complex;k A m p l E k s;kɑmplɛks
fatten;f { t @ n;fætən
wimbish;w I m b i S;wɪmbiʃ
carmela;k A r\ m E l @;kɑɹmɛlə
rhoads;r\ @U d z;ɹoʊdz
toshiharu;t @U S i h A r\ u;toʊʃihɑɹu
seemed;s i: m d;siːmd
cowherd;k aU h 3:r d;k?hɜ:rd
radically;r\ { 4 i k l i:;ɹæɾikliː
shorb;S O: r\ b;ʃOːɹb
raskin;r\ { s k i n;ɹæskin
borawski;b 3:r A f s k i:;bɜ:rɑfskiː
brand-new;b r\ { n d n u;bɹændnu
covered;k V v 3:r d;kʌvɜ:rd
hulett;h j u l i t;hjulit
notorious;n @U t O: r\ i: @ s;noʊtOːɹiːəs
fainting;f eI n t i N;f?ntiŋ
images;I m @ dZ @ z;ɪmə?əz
romberger;r\ A m b 3:r g 3:r;ɹɑmbɜ:rgɜ:r
powwow;p aU w aU;p?w?
horseradish;h O: r\ s r\ { 4 i S;hOːɹsɹæɾiʃ
leithia;l i: D i: @;liːðiːə
foreshadow;f O: r\ S { 4 @U;fOːɹʃæɾoʊ
dimarino;d i m A r\ i: n @U;dimɑɹiːnoʊ
kenefick;k E n i f i k;kɛnifik
mohring;m O: r\ i N;mOːɹiŋ
cossairt;k A s 3:r t;kɑsɜ:rt
varies;v E r\ i: z;vɛɹiːz
melendez;m @ l E n d E z;məlɛndɛz
environmentalists(2);E n v aI r\ @ n m E n t @ l i s s;ɛnv?ɹənmɛntəliss
alsup;{ l s @ p;ælsəp
ammeen;@ m i: n;əmiːn
dohse;d @U s;doʊs
maximizing;m { k s @ m aI z i N;mæksəm?ziŋ
radius;r\ eI 4 i: @ s;ɹ?ɾiːəs
farquhar;f A r\ k w 3:r;fɑɹkwɜ:r
forays;f O: r\ eI z;fOːɹ?z
metall;m E t O: l;mɛtOːl
insupportable;i n s @ p O: r\ 4 @ b @ l;insəpOːɹɾəbəl
symptomatic;s I m p t @ m { 4 i k;sɪmptəmæɾik
pajoli;p @ dZ @U l i:;pə?oʊliː
townsley;t aU n s l i:;t?nsliː
wickedly;w I k i d l i:;wɪkidliː
amstutz;{ m s t @ t s;æmstəts
disconnecting;d I s k @ n E k t i N;dɪskənɛktiŋ
sotello;s @U t E l @U;soʊtɛloʊ
perkins';p 3:r k i n z;pɜ:rkinz
gerena;dZ 3:r E n @;?ɜ:rɛnə
crannell;k r\ { n @ l;kɹænəl
researchers';r\ i: s 3:r tS 3:r z;ɹiːsɜ:r?ɜ:rz
clumsiness;k l V m z i: n @ s;klʌmziːnəs
tunny;t V n i:;tʌniː
whether;w E D 3:r;wɛðɜ:r
contractor's;k A n t r\ { k t 3:r z;kɑntɹæktɜ:rz
eventual;@ v E n tS u @ l;əvɛn?uəl
eurosterling;j u r\ @U s t 3:r l i N;juɹoʊstɜ:rliŋ
girolamo;dZ i r\ @U l A m @U;?iɹoʊlɑmoʊ
innately;i n eI t l i:;in?tliː
derosia;d i r\ @U s i: @;diɹoʊsiːə
underselling;V n d 3:r s E l i N;ʌndɜ:rsɛliŋ
nooks;n U k s;nʊks
length(2);l E N T;lɛŋθ
covenant;k V v @ n @ n t;kʌvənənt
triplicate;t r\ I p l i k @ t;tɹɪplikət
sputters;s p V 4 3:r z;spʌɾɜ:rz
sofamor;s @U f @ m O: r\;soʊfəmOːɹ
pitch;p I tS;pɪ?
petsch;p E tS;pɛ?
bonifas;b A n i f @ z;bɑnifəz
domino;d A m @ n @U;dɑmənoʊ
mcconathy;m @ k A n @ T i:;məkɑnəθiː
particular;p 3:r t I k j @ l 3:r;pɜ:rtɪkjəlɜ:r
lipa;l i: p @;liːpə
rains;r\ eI n z;ɹ?nz
straughn;s t r\ O: n;stɹOːn
sluder;s l u 4 3:r;sluɾɜ:r
scotches;s k A tS i z;skɑ?iz
damn;d { m;dæm
lampron;l { m p r\ @ n;læmpɹən
mechanic;m @ k { n i k;məkænik
bottlenecks;b A 4 @ l n E k s;bɑɾəlnɛks
lying;l aI i N;l?iŋ
underpinnings;V n d 3:r p I n i N z;ʌndɜ:rpɪniŋz
mation;m { t j @ n;mætjən
meakin;m i: k i n;miːkin
kolander;k A l @ n d 3:r;kɑləndɜ:r
hourigan;aU r\ i g { n;?ɹigæn
leaphart;l i: p h A r\ t;liːphɑɹt
macrodantin;m { k r\ @U d { n t i n;mækɹoʊdæntin
disorganisation;d i s O: r\ g @ n @ z eI S @ n;disOːɹgənəz?ʃən
precipitating;p r\ i s I p @ t eI 4 i N;pɹisɪpət?ɾiŋ
lifers;l aI f 3:r z;l?fɜ:rz
beguelin;b eI g @ l i n;b?gəlin
vena;v i: n @;viːnə
quarry;k w O: r\ i:;kwOːɹiː
lack;l { k;læk
zwolinski;z v @ l I n s k i:;zvəlɪnskiː
lackner;l { k n 3:r;læknɜ:r
soderblom;s @U 4 3:r b l A m;soʊɾɜ:rblɑm
appleman;{ p @ l m @ n;æpəlmən
watershed;w O: 4 3:r S E d;wOːɾɜ:rʃɛd
beast;b i: s t;biːst
stones;s t @U n z;stoʊnz
brainerd;b r\ eI n 3:r d;bɹ?nɜ:rd
macdonough;m @ k d A n @ f;məkdɑnəf
c-span;s i: s p { n;siːspæn
enforcers;E n f O: r\ s 3:r z;ɛnfOːɹsɜ:rz
eula;j u l @;julə
kuttner;k V t n 3:r;kʌtnɜ:r
awakens;@ w eI k @ n z;əw?kənz
milltown;m I l t aU n;mɪlt?n
cathy's;k { T i: z;kæθiːz
candelaria;k A n d E l A r\ i: @;kɑndɛlɑɹiːə
lemery;l E m 3:r i:;lɛmɜ:riː
jubilation;dZ u b @ l eI S @ n;?ubəl?ʃən
desperately(2);d E s p r\ @ t l i:;dɛspɹətliː
yie;j i:;jiː
deposed;d i p @U z d;dipoʊzd
ur(2);U r\;ʊɹ
ignorance;I g n 3:r @ n s;ɪgnɜ:rəns
fortson;f O: r\ t s @ n;fOːɹtsən
eisai;aI s aI;?s?
harmon's;h A r\ m @ n z;hɑɹmənz
shielding;S i: l d i N;ʃiːldiŋ
contradiction;k A n t r\ @ d I k S @ n;kɑntɹədɪkʃən
mallek;m { l i k;mælik
auerbach;aU 3:r b A k;?ɜ:rbɑk
werner;w 3:r n 3:r;wɜ:rnɜ:r
cresses;k r\ E s @ z;kɹɛsəz
tishler;t I S l 3:r;tɪʃlɜ:r
propes;p r\ @U p s;pɹoʊps
metaxas;m @ t { k s @ s;mətæksəs
rickabaugh;r\ I k @ b O:;ɹɪkəbOː
swiping;s w aI p i N;sw?piŋ
hammersmith;h { m 3:r s m I T;hæmɜ:rsmɪθ
practicing;p r\ { k t @ s i N;pɹæktəsiŋ
hadline;h { d l aI n;hædl?n
haldeman's;h A l d m @ n z;hɑldmənz
longleaf;l O: N l i: f;lOːŋliːf
lampl;l { m p @ l;læmpəl
june;dZ u n;?un
amoruso;{ m 3:r u s @U;æmɜ:rusoʊ
goddam;g A d d { m;gɑddæm
tift;t I f t;tɪft
bethlehem;b E T l i h E m;bɛθlihɛm
new-hampshirites;n u h { m p S 3:r aI t s;nuhæmpʃɜ:r?ts
hogge;h A g;hɑg
kem;k E m;kɛm
light;l aI t;l?t
kovacevic;k @ v @ tS E v i k;kəvə?ɛvik
scenarios;s i n E r\ i: @U z;sinɛɹiːoʊz
parkman;p A r\ k m @ n;pɑɹkmən
proximity;p r\ A k s I m @ 4 i:;pɹɑksɪməɾiː
pushes(2);p U S i z;pʊʃiz
races(2);r\ eI s i z;ɹ?siz
ruppel;r\ V p @ l;ɹʌpəl
aesthete;E s T i: t;ɛsθiːt
bouse;b aU s;b?s
pumpkins(2);p V m k @ n z;pʌmkənz
corrupting;k 3:r V p t i N;kɜ:rʌptiŋ
ace;eI s;?s
snowboarder;s n @U b O: r\ 4 3:r;snoʊbOːɹɾɜ:r
castell;k eI s t @ l;k?stəl
vanscyoc;v { n s i: A k;vænsiːɑk
testosterone;t E s t A s t 3:r @U n;tɛstɑstɜ:roʊn
aftereffect;{ f t 3:r @ f E k t;æftɜ:rəfɛkt
hingham;h I N @ m;hɪŋəm
round;r\ aU n d;ɹ?nd
garn;g A r\ n;gɑɹn
inactive;i n { k t i v;inæktiv
gradation;g r\ eI d eI S @ n;gɹ?d?ʃən
culminated;k V l m @ n eI 4 @ d;kʌlmən?ɾəd
presenting;p r\ i z E n t i N;pɹizɛntiŋ
kaska;k A s k @;kɑskə
mattke;m { t k i:;mætkiː
laub;l O: b;lOːb
perplex;p 3:r p l E k s;pɜ:rplɛks
longitude;l A n dZ @ t u d;lɑn?ətud
tropeano;t r\ @U p i: n @U;tɹoʊpiːnoʊ
eurosid;j u r\ @ s i d;juɹəsid
wye;w aI;w?
digenova;d i: dZ E n @U v @;diː?ɛnoʊvə
boardroom;b O: r\ d r\ u m;bOːɹdɹum
peirce;p I r\ s;pɪɹs
ziglar;z I g l 3:r;zɪglɜ:r
callula;k { l u l @;kælulə
guajardo;g w A j A r\ 4 @U;gwɑjɑɹɾoʊ
farcical;f A r\ s @ k @ l;fɑɹsəkəl
cynic;s I n i k;sɪnik
wandrey;w A n d r\ i:;wɑndɹiː
coppersmith;k A p 3:r s m I T;kɑpɜ:rsmɪθ
arrests;3:r E s t s;ɜ:rɛsts
clotilda;k l @ t I l d @;klətɪldə
tenacity;t @ n { s i 4 i:;tənæsiɾiː
muffy;m V f i:;mʌfiː
kiyoshi;k i: @U S i:;kiːoʊʃiː
guba;g u b @;gubə
gershwin's;g 3:r S w i n z;gɜ:rʃwinz
uproot;@ p r\ u t;əpɹut
secchia;s E k i: @;sɛkiːə
valium;v eI l i: @ m;v?liːəm
contrarian;k A n t r\ E r\ i: @ n;kɑntɹɛɹiːən
quartz;k w O: r\ t s;kwOːɹts
vernacular;v 3:r n { k j @ l 3:r;vɜ:rnækjəlɜ:r
wazir;w A z I r\;wɑzɪɹ
yahoo;j A h u;jɑhu
fernao;f 3:r n aU;fɜ:rn?
swezey;s w E z i:;swɛziː
entitle;E n t aI 4 @ l;ɛnt?ɾəl
technicians;t E k n I S @ n z;tɛknɪʃənz
chevron(2);S E v r\ A n;ʃɛvɹɑn
kofi;k @U f i:;koʊfiː
brandtner;b r\ { n t n 3:r;bɹæntnɜ:r
kinnear;k I n I r\;kɪnɪɹ
protestants;p r\ A 4 @ s t @ n t s;pɹɑɾəstənts
careen;k 3:r i: n;kɜ:riːn
sprague's;s p r\ eI g z;spɹ?gz
d'souza;d i s u z @;disuzə
tolstoy;t @U l s t OI;toʊlst?
neighbour's;n eI b 3:r z;n?bɜ:rz
uncollectable;@ n k @ l E k t @ b @ l;ənkəlɛktəbəl
sewerage;s u 3:r i dZ;suɜ:ri?
alito;@ l i: 4 @U;əliːɾoʊ
knill;n I l;nɪl
ambassadorships;{ m b { s @ 4 3:r S I p s;æmbæsəɾɜ:rʃɪps
fiechter;f I k t 3:r;fɪktɜ:r
bounciness;b aU n s i: n @ s;b?nsiːnəs
lantana;l { n t { n @;læntænə
chang-ming;tS A N m I N;?ɑŋmɪŋ
hi-fi;h aI f aI;h?f?
diplomats';d I p l @ m { t s;dɪpləmæts
kruschke;k r\ V S k;kɹʌʃk
veltre;v E l t 3:r;vɛltɜ:r
chatsworth;tS { t s w 3:r T;?ætswɜ:rθ
illinois;I l @ n OI;ɪlən?
abut;@ b V t;əbʌt
changers;tS eI n dZ 3:r z;??n?ɜ:rz
gleamed;g l i: m d;gliːmd
starbird;s t A r\ b 3:r d;stɑɹbɜ:rd
tappet;t { p @ t;tæpət
knin;k eI E n aI E n;k?ɛn?ɛn
blelloch;b l E l A k;blɛlɑk
entangled;E n t { N g @ l d;ɛntæŋgəld
transmark;t r\ { n z m A r\ k;tɹænzmɑɹk
melantha;m i l { n D @;milænðə
nevada's(2);n @ v A 4 @ z;nəvɑɾəz
spokesmen;s p @U k s m i n;spoʊksmin
oilseed;OI l s i: d;?lsiːd
croon;k r\ u n;kɹun
coonan;k u n @ n;kunən
biosensors;b aI @U s E n s 3:r z;b?oʊsɛnsɜ:rz
kiker;k aI k 3:r;k?kɜ:r
culprits;k V l p r\ i t s;kʌlpɹits
scheunemann;S OI n m @ n;ʃ?nmən
transpired;t r\ { n s p aI 3:r d;tɹænsp?ɜ:rd
taul;t O: l;tOːl
marched;m A r\ tS t;mɑɹ?t
jeanette;dZ @ n E t;?ənɛt
block's;b l A k s;blɑks
separate(2);s E p 3:r i t;sɛpɜ:rit
handbills;h { n d b I l z;hændbɪlz
salzer;s eI l z 3:r;s?lzɜ:r
burying;b E r\ i: i N;bɛɹiːiŋ
walle;w O: l;wOːl
montblanc(2);m @U n t b l A N k;moʊntblɑŋk
hamlett;h { m l i t;hæmlit
chameleon;tS @ m E l i: @ n;?əmɛliːən
malpass;m { l p @ s;mælpəs
minns;m I n z;mɪnz
teska;t E s k @;tɛskə
vicks;v I k s;vɪks
ned;n E d;nɛd
harner;h A r\ n 3:r;hɑɹnɜ:r
plaintive;p l eI n t i v;pl?ntiv
cuevas;k w E v A z;kwɛvɑz
disobedient;d I s @ b i: 4 i: @ n t;dɪsəbiːɾiːənt
wheeldon(2);h w i: l d @ n;hwiːldən
travelers(2);t r\ { v l 3:r z;tɹævlɜ:rz
fennimore;f E n i m O: r\;fɛnimOːɹ
giamatti;dZ i: @ m A 4 i:;?iːəmɑɾiː
nissin;n I s i n;nɪsin
insubstantiated;i n s @ b s t { n tS i: eI 4 @ d;insəbstæn?iː?ɾəd
tarheel;t A r\ h i: l;tɑɹhiːl
similack;s I m @ l { k;sɪməlæk
mardis(2);m A r\ 4 i: s;mɑɹɾiːs
nuzzi;n u t s i:;nutsiː
devito;d i v i: 4 @U;diviːɾoʊ
seismologist;s aI z m A l @ dZ @ s t;s?zmɑlə?əst
vision's;v I Z @ n z;vɪʒənz
buechele;b j u k @ l;bjukəl
keeney;k i: n i:;kiːniː
oooh;u;u
sanches;s A n tS E s;sɑn?ɛs
slaughtering;s l O: 4 3:r i N;slOːɾɜ:riŋ
asimov's;{ s i m A v z;æsimɑvz
cristobal;k r\ I s t @ b @ l;kɹɪstəbəl
televisa's;t E l @ v i: z @ z;tɛləviːzəz
cleaners;k l i: n 3:r z;kliːnɜ:rz
bivins;b I v i n z;bɪvinz
militants;m I l @ t @ n t s;mɪlətənts
heeren;h I r\ @ n;hɪɹən
ali;A l i:;ɑliː
operational;A p 3:r eI S @ n @ l;ɑpɜ:r?ʃənəl
estrich;E s t r\ i k;ɛstɹik
keeffe;k i: f;kiːf
chandelier;S { n d @ l I r\;ʃændəlɪɹ
us(2);j u E s;juɛs
derives(2);d i r\ aI v z;diɹ?vz
dye;d aI;d?
specker;s p E k 3:r;spɛkɜ:r
descriptions;d i s k r\ I p S @ n z;diskɹɪpʃənz
roughness;r\ V f n @ s;ɹʌfnəs
agua;A g w @;ɑgwə
chen;tS E n;?ɛn
implication;I m p l @ k eI S @ n;ɪmplək?ʃən
probst;p r\ A b s t;pɹɑbst
condenser;k @ n d E n s 3:r;kəndɛnsɜ:r
caltabiano;k A l t A b i: A n @U;kɑltɑbiːɑnoʊ
oratory;O: r\ @ t O: r\ i:;OːɹətOːɹiː
dombrosky;d @ m b r\ @U s k i:;dəmbɹoʊskiː
oldsters;@U l d s t 3:r z;oʊldstɜ:rz
e's;i: z;iːz
precincts;p r\ i: s I N k t s;pɹiːsɪŋkts
disunity;d i s j u n @ 4 i:;disjunəɾiː
bertin;b 3:r t i n;bɜ:rtin
worthey;w 3:r D i:;wɜ:rðiː
shappell;S { p @ l;ʃæpəl
bartlebaugh;b A r\ 4 @ l b O:;bɑɹɾəlbOː
audi's(2);aU 4 i: z;?ɾiːz
edwardson;E d w O: r\ d s @ n;ɛdwOːɹdsən
generalizations(2);dZ E n r\ @ l @ z eI S @ n z;?ɛnɹələz?ʃənz
bygones;b aI g O: n z;b?gOːnz
dorotea(2);d O: r\ @ 4 eI @;dOːɹəɾ?ə
espeseth;E s p i s i T;ɛspisiθ
keske;k E s k;kɛsk
dirksen;d 3:r k s @ n;dɜ:rksən
cocke;k @U k;koʊk
endocrinologists;E n d @U k r\ @ n A l @ dZ @ s t s;ɛndoʊkɹənɑlə?əsts
gerstenberger;g 3:r s t @ n b 3:r g 3:r;gɜ:rstənbɜ:rgɜ:r
poisonous;p OI z @ n @ s;p?zənəs
hein;h aI n;h?n
ronan;r\ @U n @ n;ɹoʊnən
boris;b O: r\ i s;bOːɹis
pretzel;p r\ E t z @ l;pɹɛtzəl
generalship;dZ E n 3:r @ l S I p;?ɛnɜ:rəlʃɪp
capitalizing;k { p i 4 @ l aI z i N;kæpiɾəl?ziŋ
arcieri;A r\ tS I r\ i:;ɑɹ?ɪɹiː
glaeser;g l eI z 3:r;gl?zɜ:r
enshrined;E n S r\ aI n d;ɛnʃɹ?nd
condition;k @ n d I S @ n;kəndɪʃən
rockford;r\ A k f 3:r d;ɹɑkfɜ:rd
mccannon;m @ k { n @ n;məkænən
manteufel;m { n t OI f @ l;mænt?fəl
crusading;k r\ u s eI 4 i N;kɹus?ɾiŋ
diedre;d i: d r\ @;diːdɹə
widhalm;w I d h A m;wɪdhɑm
larsen;l A r\ s @ n;lɑɹsən
borucki;b 3:r V t s k i:;bɜ:rʌtskiː
instructed;i n s t r\ V k t @ d;instɹʌktəd
summiteers;s V m i t I r\ z;sʌmitɪɹz
stylistically;s t aI l I s t i k l i:;st?lɪstikliː
tiemann;t i: m @ n;tiːmən
retrofitted;r\ E t r\ @U f I 4 i d;ɹɛtɹoʊfɪɾid
co-wife;k @U w aI f;koʊw?f
retaken;r\ i: t eI k @ n;ɹiːt?kən
nitriles;n aI t r\ @ l z;n?tɹəlz
sweney;s w E n i:;swɛniː
enforceable;E n f O: r\ s @ b @ l;ɛnfOːɹsəbəl
progression;p r\ @ g r\ E S @ n;pɹəgɹɛʃən
fridays(2);f r\ aI d eI z;fɹ?d?z
vaal;v A l;vɑl
hewitt;h j u i t;hjuit
whipkey;w I p k i:;wɪpkiː
stock's;s t A k s;stɑks
pinning;p I n i N;pɪniŋ
chattel;tS { 4 @ l;?æɾəl
ostenson;A s t i n s @ n;ɑstinsən
transcends;t r\ { n s E n d z;tɹænsɛndz
remarkably(2);r\ i: m A r\ k @ b l i:;ɹiːmɑɹkəbliː
afield;@ f i: l d;əfiːld
automotive;O: 4 @ m @U 4 i v;Oːɾəmoʊɾiv
chalsty;tS { l s t i:;?ælstiː
deng;d E N;dɛŋ
munroe;m V n r\ @U;mʌnɹoʊ
mitsuru;m i: t s u r\ u;miːtsuɹu
kadish;k eI 4 i S;k?ɾiʃ
headwater;h E d w O: 4 3:r;hɛdwOːɾɜ:r
tullock;t V l @ k;tʌlək
herwig;h 3:r w i g;hɜ:rwig
bowman's;b @U m @ n z;boʊmənz
glimmering;g l I m 3:r i N;glɪmɜ:riŋ
landers;l { n d 3:r z;lændɜ:rz
commonalty;k A m @ n { l @ 4 i:;kɑmənæləɾiː
trigo;t r\ i: g @U;tɹiːgoʊ
resumes(2);r\ i: z u m z;ɹiːzumz
grasmick;g r\ { z m i k;gɹæzmik
patchworks;p { tS w 3:r k s;pæ?wɜ:rks
cockwell's;k A k w E l z;kɑkwɛlz
morriss;m O: r\ i s i z;mOːɹisiz
textured;t E k s tS 3:r d;tɛks?ɜ:rd
wound;w aU n d;w?nd
overallotment;@U v 3:r @ l A t m @ n t;oʊvɜ:rəlɑtmənt
wicker;w I k 3:r;wɪkɜ:r
nonrecurring;n A n r\ i k 3:r i N;nɑnɹikɜ:riŋ
sluga;s l u g @;slugə
faulkner;f O: k n 3:r;fOːknɜ:r
arsenic;A r\ s @ n i k;ɑɹsənik
lovelace;l V v l eI s;lʌvl?s
eckrich;E k r\ i k;ɛkɹik
stocker;s t A k 3:r;stɑkɜ:r
saipan's;s eI p @ n z;s?pənz
medin;m eI d i: n;m?diːn
hoeffner;h @U f n 3:r;hoʊfnɜ:r
guiterrez;g w i: t E r\ E z;gwiːtɛɹɛz
eyelet;aI l @ t;?lət
jillson;dZ I l s @ n;?ɪlsən
instructed(2);i n s t r\ V k t i d;instɹʌktid
pasko;p A s k @U;pɑskoʊ
bimbos;b I m b @U s;bɪmboʊs
flexibly;f l E k s @ b l i:;flɛksəbliː
everybody'd;E v r\ i: b A 4 i: d;ɛvɹiːbɑɾiːd
henrichsen;h E n r\ i k s @ n;hɛnɹiksən
peterpaul;p i: 4 3:r p O: l;piːɾɜ:rpOːl
torray;t O: r\ eI;tOːɹ?
trains;t r\ eI n z;tɹ?nz
jammu;dZ @ m u;?əmu
capitals(2);k { p i 4 @ l z;kæpiɾəlz
struck;s t r\ V k;stɹʌk
tabulations;t { b j @ l eI S @ n z;tæbjəl?ʃənz
panasonic;p { n @ s A n i k;pænəsɑnik
eisenhardt;aI z @ n h A r\ t;?zənhɑɹt
timbers;t I m b 3:r z;tɪmbɜ:rz
mclafferty;m @ k l { f 3:r 4 i:;məklæfɜ:rɾiː
fatuous;f { tS @ w @ s;fæ?əwəs
pleased;p l i: z d;pliːzd
scamper;s k { m p 3:r;skæmpɜ:r
seminaries;s E m @ n E r\ i: z;sɛmənɛɹiːz
commissioned;k @ m I S @ n d;kəmɪʃənd
schuth;S u T;ʃuθ
sundahl;s V n d A l;sʌndɑl
vs(2);v i: E s;viːɛs
handymen;h { n d i: m E n;hændiːmɛn
sharer;S E r\ 3:r;ʃɛɹɜ:r
shoot;S u t;ʃut
metals';m E 4 @ l z;mɛɾəlz
holaway;h @U l @ w eI;hoʊləw?
cuthrell;k V T r\ @ l;kʌθɹəl
reunify;r\ i: u n @ f aI;ɹiːunəf?
greenup;g r\ i: n V p;gɹiːnʌp
naylor;n eI l 3:r;n?lɜ:r
nevarach;n @ v A r\ @ tS;nəvɑɹə?
kaufhold;k aU f h @U l d;k?fhoʊld
oolong;u l O: N;ulOːŋ
spirit(2);s p I r\ i t;spɪɹit
rendell;r\ E n d @ l;ɹɛndəl
cooled;k u l d;kuld
noe;n @U;noʊ
vanwey;v { n w i:;vænwiː
dunja(2);d V n dZ @;dʌn?ə
tranche;t r\ { n tS;tɹæn?
opper;A p 3:r;ɑpɜ:r
concerto;k @ n tS E r\ 4 @U;kən?ɛɹɾoʊ
alcide;{ l s aI d;æls?d
clandestine;k l { n d E s t i n;klændɛstin
tungsten;t V N s t @ n;tʌŋstən
commutes;k @ m j u t s;kəmjuts
steelmakers;s t i: l m eI k 3:r z;stiːlm?kɜ:rz
disciples;d i s aI p @ l z;dis?pəlz
kinston;k I n s t @ n;kɪnstən
wydra;w aI d r\ @;w?dɹə
oases;@U eI s i: z;oʊ?siːz
raisers;r\ eI z 3:r z;ɹ?zɜ:rz
collarbone;k A l 3:r b @U n;kɑlɜ:rboʊn
arehart;{ r\ i h A r\ t;æɹihɑɹt
flounces;f l aU n s i z;fl?nsiz
dyess;d aI @ s;d?əs
hagaman;h { g @ m @ n;hægəmən
repeating;r\ i p i: 4 i N;ɹipiːɾiŋ
grossed;g r\ @U s t;gɹoʊst
snagging;s n { g i N;snægiŋ
cole's;k @U l z;koʊlz
orndorff;O: r\ n d O: r\ f;OːɹndOːɹf
thermedics;T 3:r m E 4 i k s;θɜ:rmɛɾiks
neibert;n i: b 3:r t;niːbɜ:rt
joliffe's(2);dZ @U l i f s;?oʊlifs
canasta;k @ n { s t @;kənæstə
ogden;A g d @ n;ɑgdən
fredericksen(2);f r\ E d r\ i k s @ n;fɹɛdɹiksən
gundy;g V n d i:;gʌndiː
havener;h { v i: n 3:r;hæviːnɜ:r
jacket(2);dZ { k i t;?ækit
giza;g I z @;gɪzə
uyeda;aI i: 4 @;?iːɾə
tranced;t r\ { n s t;tɹænst
rosenwasser;r\ @U z @ n w O: s 3:r;ɹoʊzənwOːsɜ:r
mcneill;m @ k n i: l;məkniːl
decesaris;d i s E s 3:r i s;disɛsɜ:ris
spindrift;s p I n d r\ I f t;spɪndɹɪft
westward;w E s t w 3:r d;wɛstwɜ:rd
weigle;w i: g @ l;wiːgəl
kashiwagi;k { S i w { g i:;kæʃiwægiː
orran;O: r\ A n;Oːɹɑn
condracky's;k A n d r\ { k i: z;kɑndɹækiːz
budny;b V d n i:;bʌdniː
hartel;h A r\ 4 @ l;hɑɹɾəl
