hwd;pronSampa
rapkin;r\ { p k i n
pectoral;p E k t 3:r @ l
maiorana;m aI O: r\ { n @
linch;l I n tS
hershey;h 3:r S i:
prizm;p r\ I z @ m
started;s t A r\ 4 @ d
kramer's;k r\ eI m 3:r z
debtholder;d E t h @U l d 3:r
pontiac's;p A n t i: { k s
infomercials;I n f @U m 3:r S @ l z
baynham;b eI n h @ m
quintessential(2);k w I n t i s E n tS @ l
featherly;f E D 3:r l i:
legit(2);l @ dZ I t
crisscrossed;k r\ I s k r\ O: s t
katzen;k { t z @ n
ressler;r\ E s l 3:r
falkenstein;f O: k @ n s t aI n
hematology;h E m @ t A l @ dZ i:
reenacts;r\ i: i n { k t s
juster;dZ V s t 3:r
regulator;r\ E g j @ l eI 4 3:r
tipple;t I p @ l
enchanters(2);i n tS { n t 3:r z
grassley;g r\ { s l i:
solomos;s A l @ m @U s
woodsmall;w U d s m O: l
demaria;d i m A r\ i: @
st_hilaire;s eI n t h i l eI r\
ontogeny;A n t A dZ @ n i:
burnstein(2);b 3:r n s t i: n
pedophilic;p E 4 @U f I l i k
consul;k A n s @ l
meridor;m E r\ i 4 O: r\
consisting;k @ n s I s t i N
gilgore;g I l g O: r\
frashier;f r\ eI Z j 3:r
ziegler;z i: g l 3:r
bayog;b eI A g
diffuses;d i f j u z @ z
marquis;m A r\ k i:
latonia;l A t @U n i: @
carton;k A r\ t @ n
terrones;t E r\ @ n z
sentries;s E n t r\ i: z
lonnie;l O: n i:
versa;v 3:r s @
sullivan's;s V l i v @ n z
ottens;A t @ n z
seafarer;s i: f E r\ 3:r
connotes;k @ n @U t s
roarty;r\ O: r\ 4 i:
lauderdale;l O: 4 3:r d eI l
norwegians;n O: r\ w i: dZ @ n z
latrobe;l A t r\ @U b
dalai;d { l eI
ripened;r\ aI p @ n d
liquidates;l I k w i d eI t s
curragh;k V r\ @
seasonings;s i: z @ n i N z
tuna(2);t j u n @
jacksonville's;dZ { k s @ n v I l z
hat;h { t
fragmenting;f r\ { g m @ n t i N
elroy;i l r\ OI
trippett;t r\ I p i t
baptized;b { p t aI z d
denial;d i n aI @ l
juana(2);h w A n @
probe's;p r\ @U b z
primmer;p r\ I m 3:r
barrie;b { r\ i:
pisarek;p I s 3:r E k
clipper;k l I p 3:r
laff;l { f
baird's;b E r\ d z
corrupts;k 3:r V p t s
wined;w aI n d
hartinger;h A r\ 4 i N 3:r
abrego;A b r\ E g @U
costabile;k O: s t @ b aI l
mercedeses;m 3:r s eI d i: z i z
aerojet;E r\ @U dZ E t
ehrhart;E r\ h A r\ t
unformed;@ n f O: r\ m d
jablonsky;j @ b l A n s k i:
bilko;b I l k @U
duis;d u i z
aroused;3:r aU z d
knackstedt;n { k s t i t
stowers;s t @U 3:r z
junkie;dZ V N k i:
catacomb;k { 4 @ k @U m
female;f i: m eI l
dizzy;d I z i:
frei;f r\ aI
alcatel;{ l k @ t E l
provocatively;p r\ @U v A k @ 4 i v l i:
southwest;s aU T w E s t
southold;s aU T @U l d
maron;m A r\ O: n
springston;s p r\ I N s t @ n
ito's(2);i: t @U z
gemmell;g E m @ l
spanbauer;s p { n b aU 3:r
kopko;k @U p k @U
enriching;E n r\ I tS i N
allegis';{ l eI dZ i s
derksen;d 3:r k s @ n
flanery;f l eI n 3:r i:
internationally(2);I n t 3:r n { S n @ l i:
posch;p O: S
pizzano;p i: t s A n @U
houlihan;h u l i h { n
damien;d eI m i: @ n
circumvent;s 3:r k @ m v E n t
hooven;h u v @ n
hyper;h aI p 3:r
abounding;@ b aU n d i N
tietmeyer(2);t aI t m aI r\
wiegmann;w i: g m @ n
kellen;k E l @ n
aukerman;aU k 3:r m @ n
wanner;w A n 3:r
ross';r\ A s
rubina;r\ u b i: n @
springfield's;s p r\ I N f i: l d z
siebrecht;s i: b r\ i k t
paxton;p { k s t @ n
nightline;n aI t l aI n
kimes;k aI m z
educational(2);E dZ j u k eI S @ n @ l
cropp;k r\ A p
schadler(2);S eI d l 3:r
monumental(2);m A n j @ m E n @ l
copayment;k @U p eI m @ n t
supremes;s u p r\ i: m z
printings(2);p r\ I n i N z
cohan;k @U h @ n
elma;E l m @
template(2);t E m p l eI t
yie;j i:
bryngelson;b r\ I N g i l s @ n
bosnia's;b A z n i: @ z
levana;l i v { n @
clabir;k l { b i r\
expandable;i k s p { n d @ b @ l
hugg;h V g
tedford;t E d f 3:r d
company;k V m p @ n i:
predicament(2);p r\ i: d I k @ m @ n t
rozas;r\ @U z A z
woodford;w U d f 3:r d
stickland;s t I k l @ n d
cusiana;k j u z i: { n @
stockpile;s t A k p aI l
wickey;w I k i:
stark;s t A r\ k
risks;r\ I s k s
riddell;r\ I 4 @ l
backpedal;b { k p E 4 @ l
wingate;w I n g eI t
charvat;tS A r\ v @ t
winegar;w I n i g 3:r
empie;E m p i:
prevails(2);p r\ i: v eI l z
dubrovnik;d u b r\ A v n i k
kohen;k @U @ n
marcum;m A r\ k @ m
caucasians;k O: k eI Z @ n z
jauregui;j aU r\ eI g w i:
handelsman;h { n d i l s m @ n
hammons;h { m @ n z
gardella;g A r\ d E l @
andropov;{ n d r\ A p A v
militants;m I l @ t @ n t s
audas;@U d A z
empties;E m p t i: z
legros;l E g r\ @U z
steckman;s t E k m @ n
kawa;k A w @
rardon;r\ A r\ d @ n
chemistry(2);k E m i s t r\ i:
adenine;{ d @ n i: n
ovum;@U v @ m
budlong;b V d l O: N
okaloosa;O: k @ l u s @
april;eI p r\ @ l
fogler(2);f @U g l 3:r
reassume;r\ i: @ s u m
spadaccini;s p A 4 A tS i: n i:
kilimanjaro;k i l i: m @ n dZ A r\ @U
melany;m E l @ n i:
federici;f E 4 3:r i: tS i:
doubter;d aU 4 3:r
taliban;t { l i b { n
kjos(2);k eI dZ eI @U E s
eissler;aI s @ l 3:r
makefield;m eI k f i: l d
healthier;h E l T i: 3:r
lisenby;l I s i n b i:
buckey;b V k i:
harbison;h A r\ b i s @ n
bichler(2);b I k l 3:r
hough;h V f
cathodes;k { T @U d z
revolutionist;r\ E v @ l u S @ n i s t
drasner;d r\ { s n 3:r
israel;I z r\ i: @ l
donalson;d A n @ l s @ n
baidoa;b aI d @U @
obstructionists;@ b s t r\ V k S @ n @ s t s
alike;@ l aI k
perna;p 3:r n @
counterparts(2);k aU n 3:r p A r\ t s
grit;g r\ I t
plasmodia;p l { z m @U 4 i: @
horrify;h O: r\ @ f aI
lenderman;l E n d 3:r m @ n
mcnichol;m @ k n I k @ l
macquarrie;m @ k E r\ i:
krob;k r\ A b
olshansky;@U l S @ n s k i:
itar;i: t A r\
copley's;k A p l i: z
gonet;g @U n i t
koeppel;k @U p @ l
borowiec;b 3:r aU i: k
rapacz;r\ A p @ tS
hallways;h O: l w eI z
industrialize;i n d V s t r\ i: @ l aI z
tolen;t @U l @ n
ryals;r\ i: A l z
freeway;f r\ i: w eI
zawistowski;z A v i s t O: f s k i:
jennings;dZ E n i N z
joists;dZ OI s t s
barter;b A r\ 4 3:r
andersonville;{ n d 3:r s @ n v i l
nevarach;n @ v A r\ @ tS
forrard;f O: r\ 3:r d
schmaltz;S m A l t s
issuances;I S u @ n s i z
wachs;w O: k s
kroeger's;k r\ @U g 3:r z
fiorella;f i: O: r\ E l @
passanisi;p A s A n i: s i:
participating;p A r\ t I s @ p eI 4 i N
schaben;S { b @ n
amazement;@ m eI z m @ n t
dopp;d A p
gowing;g aU i N
marigold;m E r\ @ g @U l d
farler;f A r\ l 3:r
kneecap;n i: k { p
civilities;s @ v I l @ 4 i: z
dorothy;d O: r\ @ T i:
resettled;r\ i: s E 4 @ l d
awbrey;O: b r\ i:
stockinger;s t A k i N 3:r
aguero;A g E r\ @U
dilemmas;d @ l E m @ z
adoptive;@ d A p t i v
stylize(2);s t aI @ l aI z
metcom;m E t k A m
awash;@ w A S
gert;g 3:r t
ye-yi;j eI j i:
calverley;k { l v 3:r l i:
stegmaier;s t E g m aI 3:r
heyd;h eI d
elsa;E l s @
menhaden;m E n h eI d @ n
jonn;dZ A n
sensory;s E n s 3:r i:
hadsell;h { d s @ l
kerfuffle;k 3:r f V f @ l
youman;j u m @ n
jere;dZ E r\ i:
barricade(2);b E r\ @ k eI d
meers;m i: 3:r z
exhume;E k s h j u m
intoning;i n t @U n i N
chipps;tS I p s
rock's;r\ A k s
mondelli;m @U n d E l i:
barta;b A r\ 4 @
headquarters;h E d k w O: r\ 4 3:r z
vitullo;v i: t u l @U
dilutes;d aI l u t s
virologists;v i r\ A l @ dZ i s t s
flavorists;f l eI v 3:r i s t s
samsonite;s { m s @ n aI t
herbst;h 3:r b s t
commune(2);k @ m j u n
issuers;I S u 3:r z
albee;@ l b i:
adenauer(2);{ d @ n aU r\
britains;b r\ I t @ n z
laxton;l { k s t @ n
throttling;T r\ A 4 @ l i N
walicki;w @ l I k i:
rinehimer;r\ aI n h aI m 3:r
weishaupt;w aI S aU p t
salsbury;s { l z b 3:r i:
zone;z @U n
schuenemann;S u n @ m @ n
repp;r\ E p
solloway;s A l @U w eI
chenault;S i n @U
klauser;k l aU s 3:r
shankle;S { N k @ l
pancake;p { n k eI k
marinaro;m A r\ i n A r\ @U
blades;b l eI d z
centering;s E n t 3:r i N
uses;j u s @ z
maxam;m { k s @ m
boccia;b @U tS @
reports(2);r\ i: p O: r\ t s
broudy;b r\ aU 4 i:
cottongin;k @ t A N dZ i n
richaud;r\ i S @U d
ado;@ d u
pfannenstiel;f { n @ n s t i: l
predates;p r\ i: d eI t s
goellner;g @U l n 3:r
wildly;w aI l d l i:
dells;d E l z
filings;f aI l i N z
options;A p S @ n z
mustache;m V s t { S
houde;h aU d
jezek;j E z E k
sather;s { D 3:r
broderbund;b r\ @U 4 3:r b @ n d
wainscot;w eI n s k @ t
exclamation-point;E k s k l @ m eI S @ n p OI n t
confederacy's;k @ n f E 4 3:r @ s i: z
levees;l E v i: z
pagoda;p @ g @U 4 @
gubbins;g V b i n z
groping;g r\ @U p i N
cherie;S E r\ i:
woodmac;w U d m { k
lighter;l aI 4 3:r
casher;k { S 3:r
highflier;h aI f l aI 3:r
patnode;p { t n @U d
karlin;k A r\ l i n
comers;k V m 3:r z
vinny;v I n i:
barros;b A r\ @U z
kingsport;k I N s p O: r\ t
dewinter(2);d i w I n t 3:r
lactation;l { k t eI S @ n
zapatistas;z A p @ t i: s t @ z
oshields;A S i: l d z
charitably;tS E r\ i 4 @ b l i:
barnwell;b A r\ n w E l
pakeha;p @ k eI h A
leashed;l i: S t
antsy;{ n t s i:
embellishing;E m b E l i S i N
d'amore;d i: @ m O: r\ eI
oertel;O: r\ 4 @ l
list's;l I s t s
gaviotas(2);g { v j O: 4 @ z
krupp's;k r\ V p s
knuth;n u T
leffert;l E f 3:r t
shingle;S I N g @ l
buttram;b V t r\ { m
bewitching;b i w I tS i N
supervised;s u p 3:r v aI z d
vitae;v aI 4 @
tokkin;t A k i n
combat;k A m b { t
scruciating;s k r\ u S i: eI 4 i N
peagler;p i: g l 3:r
any;E n i:
heishman;h i: i S m @ n
vaulted;v O: l t @ d
misuse;m i s j u z
obon;@U b @ n
bertone;b 3:r t @U n i:
pak;p { k
roske;r\ @U s k
catone;k @ t @U n
tegeler;t E g @ l 3:r
thera;T E r\ @
barney's;b A r\ n i: z
unicorp's;j u n i k O: r\ p s
tapers;t eI p 3:r z
oley;@U l i:
worn;w O: r\ n
wessman;w E s m @ n
baskette;b @ s k E t
sent;s E n t
density;d E n s @ 4 i:
firemen;f aI r\ m @ n
develops;d i v E l @ p s
interval(2);I n 3:r v @ l
speich;s p aI k
subatomic;s V b @ t A m i k
photo;f @U t @U
helsinki;h E l s i N k i:
zyuganov's(3);z u g A n A v z
nuala;n u A l @
stagger;s t { g 3:r
wehrmann;w E r\ m @ n
karen;k E r\ @ n
glidden;g l I d @ n
specialty;s p E S @ l t i:
vanbebber;v { n b E b 3:r
prange;p r\ eI n dZ
advisable;@ d v aI z @ b @ l
marchita;m A r\ k i: 4 @
ahlman;A l m @ n
silcott;s I l k @ t
cites;s aI t s
soltau;s @U l t aU
pickford;p I k f 3:r d
budgets;b V dZ i t s
moragne;m 3:r eI n j
rupe;r\ u p
deregulated;d i r\ E g j @ l eI 4 i d
winterrowd;w I n t 3:r aU d
aspnes;{ s p n E z
productions(2);p r\ @U d V k S @ n z
sentiment(2);s E n @ m @ n t
discordant;d i s k O: r\ d @ n t
ravenous;r\ { v @ n @ s
midgett;m I dZ i t
pressure;p r\ E S 3:r
immobile(3);i m @U b i: l
garst;g A r\ s t
constitution's;k A n s t i t u S @ n z
stelling;s t E l i N
magisterial;m { dZ i s t i: r\ i: @ l
lundeen;l V n d i: n
silvie;s I l v i:
airfare;E r\ f E r\
smithtown;s m I T t aU n
laudenslager;l aU d i n s l eI g 3:r
oilwell;OI l w E l
anscomb;@ n s k A m
incredible;i n k r\ E 4 @ b @ l
crusan;k r\ u z @ n
rynders;r\ I n d 3:r z
curtin;k 3:r t i n
interventionists(6);I n 3:r v E n tS @ n i s
darkling;d A r\ k l i N
gaba;g A b @
men;m E n
technology's;t E k n A l @ dZ i: z
kieper;k i: p 3:r
nigerians;n aI dZ I r\ i: @ n z
cabiness;k eI b i: n i s
savin;s { v i n
prevails;p r\ i v eI l z
weeps;w i: p s
have;h { v
hua;h u @
mulberry;m V l b E r\ i:
tutino;t u t i: n @U
c.'s;s i: z
web;w E b
atari;@ t A r\ i:
patrick's;p { t r\ i k s
migneault;m i g n @U
alphametrics;{ l f @ m E t r\ i k s
occurrences;@ k 3:r @ n s i z
cheely;tS i: l i:
waren;w E r\ @ n
megabucks;m E g @ b V k s
komorny;k @U m O: r\ n i:
lukas;l u k @ z
samford;s { m f 3:r d
lark;l A r\ k
americas';@ m E r\ i k V z
barkhurst;b A r\ k h 3:r s t
grandfathered(2);g r\ { n f A D 3:r d
arrowhead(2);E r\ @U h E d
borough;b 3:r @U
handier;h { n d i: 3:r
discussing;d i s k V s i N
vangorden;v { N g 3:r d @ n
garmany;g 3:r m O: n i:
toft;t A f t
participants;p A r\ t I s @ p @ n t s
fick;f I k
stemmler;s t E m l 3:r
rejuvenating;r\ i: dZ u v @ n eI 4 i N
ralph's;r\ { l f s
signed;s aI n d
proletarian;p r\ @U l @ t E r\ i: @ n
mendocino;m E n d @ s i: n @U
marquiss;m A r\ k w i: s
filipinos;f I l @ p i: n @U z
ludwigshafen;l @ d w I g S @ f @ n
bebitch;b E b i tS
skydiving;s k aI 4 aI v i N
leno's;l E n @U z
homann;h @U m @ n
tancredi;t A n k r\ E 4 i:
illustrates;I l @ s t r\ eI t s
birenbaum;b aI r\ @ n b aU m
revived(2);r\ i: v aI v d
thompkins(2);t A m k i n z
gleisner;g l aI s n 3:r
untreated;@ n t r\ i: 4 i d
lupatkin;l u p A t k i n
espy;E s p i:
digicon;d I dZ i k A n
physicists;f I z i s i s t s
bony;b @U n i:
daikin;d eI k i n
discredit;d i s k r\ E 4 @ t
hander;h { n d 3:r
pined;p aI n d
liquidity(2);l i k w I 4 i 4 i:
shultz's;S U l t s I z
manor;m { n 3:r
octillion;A k t I l j @ n
emrich;E m r\ i k
baldric;b { l d r\ i k
alkahest;{ l k @ h E s t
priolo;p r\ i: @U l @U
reichelt;r\ aI k i l t
celebrated;s E l @ b r\ eI 4 @ d
comes;k V m z
rothchild;r\ O: T tS aI l d
murasky;m 3:r { s k i:
crossfield;k r\ O: s f i: l d
murto;m 3:r t @U
carmoy;k A r\ m OI
cayton;k eI t @ n
dulak;d u l @ k
hemberger;h E m b 3:r g 3:r
camshaft;k { m S { f t
hasz;h A S
literal;l I 4 3:r @ l
screamer;s k r\ i: m 3:r
demilitarize;d i m I l @ 4 3:r aI z
giren(2);dZ I r\ @ n
goodson;g U d s @ n
atheism;@ T aI s @ m
marianas;m E r\ i: { n @ s
valentia;v A l E n S @
chintz;tS I n t s
uncut;V n k V t
percipient;p 3:r s I p i: @ n t
editor(2);E 4 i 4 3:r
grayer;g r\ eI 3:r
tithing;t aI D i N
fury;f j U r\ i:
dicenzo;d i s E n z @U
freddie;f r\ E 4 i:
janik;j { n i k
dan's;d { n z
bowel;b aU @ l
norsworthy;n O: r\ s w 3:r D i:
badders;b { 4 3:r z
gieske;dZ i: s k
evinced;i v I n s t
chirco;k I r\ k @U
mannequin;m { n @ k i n
hughen(2);j u @ n
settlers';s E t l 3:r z
mcgurk;m @ g 3:r k
reprocessed;r\ i: p r\ O: s E s t
banko;b { N k @U
lun;l V n
karnes;k A r\ n z
concerns';k @ n s 3:r n z
schenker;S E N k 3:r
manifesto;m { n @ f E s t @U
hundred's;h V n d r\ i d z
nor;n O: r\
tepper;t E p 3:r
trefry;t r\ E f r\ i:
invented;i n v E n t @ d
statistics';s t @ t I s t i k s
whitelock(2);h w aI t l A k
prosecuting;p r\ A s i k j u 4 i N
guitarist's;g I t A r\ @ s t s
reenactments;r\ i: i n { k t m @ n t s
apter;{ p t 3:r
klopp;k l A p
parking;p A r\ k i N
vinca;v I N k @
bordello;b O: r\ d E l @U
aiton;A i: t @U n
smoky;s m @U k i:
delaune;d E l O: n
gourment;g O: r\ m E n t
whorl;w 3:r l
unbearably;@ n b E r\ @ b l i:
durante;d U r\ A n t i:
wotton;w A t @ n
racing;r\ eI s i N
pebble;p E b @ l
chevron's;S E v r\ @ n z
rolland's;r\ @U l @ n d z
kevin's;k E v i n z
undressed;@ n d r\ E s t
townspeople;t aU n z p i: p @ l
gelernter;g @ l 3:r n t 3:r
roukos;r\ u k @U s
danjus(2);d { n dZ u z
miyazawa's;m i: @ z A w @ z
mumma;m V m @
knaack;n A k
splits;s p l I t s
thinking;T I N k i N
decker's;d E k 3:r z
mai;m aI
witnesses';w I t n @ s i z
tool;t u l
relays;r\ i: l eI z
daoust;d aU s t
saudi;s O: 4 i:
polytheism;p A l i T i: i z @ m
harrisburg's(2);h E r\ i s b 3:r g z
faltered;f A l t 3:r d
reitzfeld;r\ i: t s f E l d
jos;dZ @U z
laughter;l { f t 3:r
get-together(2);g E 4 @ g E D 3:r
impeachable;i m p i: tS @ b @ l
gruber;g r\ u b 3:r
muffins;m V f @ n z
moton;m @U t @U n
florist;f l A r\ @ s t
jelen;dZ E l @ n
dog's;d O: g z
lat;l A t
renominate;r\ i: n O: m i n eI t
kennebeck;k E n b E k
naugatuck;n O: g @ t V k
sarti;s A r\ 4 i:
uneasiness;V n i: z i: n @ s
declerck's;d @ k l 3:r k s
tourniquet;t 3:r n i k i t
splintery;s p l I n t 3:r i:
swope;s w @U p
arise;3:r aI z
tritsch;t r\ I tS
gebler;g E b @ l 3:r
cloisters;k l OI s t 3:r z
maps;m { p s
reelect;r\ i: i l E k t
turbo;t 3:r b @U
tsetse;t s i: t s i:
reprint;r\ i: p r\ I n t
birr;b 3:r
cinque;s I N k
tsui(2);s u i:
finne;f I n
cittadino;tS i: 4 A d i: n @U
porcelli;p O: r\ tS E l i:
shipowners;S I p @U n 3:r z
doraville;d O: r\ @ v i l
detroiters;d @ t r\ OI 4 3:r z
adamina;A 4 A m i: n @
karow;k A r\ @U
photofinisher;f @U 4 @U f I n I S 3:r
ancients;eI n tS @ n t s
zeeman;z i: m @ n
preway;p r\ i: w eI
potentials;p @ t E n tS @ l z
madonna's;m @ d A n @ z
unrequited;V n r\ i: k w aI 4 i d
visual;v I Z @ w @ l
martyrdoms;m A r\ 4 3:r 4 @ m z
heffern;h E f 3:r n
intellects(3);I n t @ l E k s
clabaugh;k l { b O:
complexities;k @ m p l E k s i 4 i: z
englishmen;E N l I S m @ n
arrive;3:r aI v
oplinger(2);@U p l i N 3:r
briden;b r\ aI d @ n
pizzerias;p i: t s 3:r i: @ z
lechman;l E k m @ n
ference;f I r\ @ n s
redundancies;r\ i d V n d @ n s i: z
weyant;w eI @ n t
monzingo;m @U n z i: N g @U
kikwit;k I k w i t
locals;l @U k @ l z
literary;l I 4 3:r E r\ i:
monster;m A n s t 3:r
melange;m E l { N
compatibles;k @ m p { 4 i b @ l z
leffler;l E f l 3:r
deyoe;d eI @U
magallon;m { g @ l A n
mondrian(2);m A n d r\ i: { n
koep;k @U p
oblak;A b l @ k
phonemate;f @U n m eI t
guandjo;g w A n dZ @U
silguero;s i: l g E r\ @U
landscape;l { n d s k eI p
beatty(2);b eI 4 i:
mehlman;m E l m @ n
markair's;m A r\ k E r\ z
adrenal;@ d r\ i: n @ l
pembroke;p E m b r\ @U k
exclaims;i k s k l eI m z
mlotok(2);m @ l A t A k
metro's;m E t r\ @U z
his(2);h i z
pythagorean;p I T @ g O: r\ i: @ n
tammany;t { m @ n i:
shao;S aU
coordinators;k @U O: r\ d @ n eI 4 3:r z
si;s i:
cariello;k A r\ i: E l @U
grigg;g r\ I g
instrumentalist;I n s t r\ @ m E n t @ l i s t
true;t r\ u
warmack;w O: r\ m { k
forschner;f O: r\ S n 3:r
wente;w E n t
swed;s w E d
perkovich;p 3:r k @ v i tS
ceasefire;s i: s f aI 3:r
silverado;s I l v 3:r A 4 @U
countdowns;k aU n t d aU n z
injunction;i n dZ V N k S @ n
content(2);k @ n t E n t
lagoon;l @ g u n
niess;n i: s
grimm's;g r\ I m z
cuckoo(2);k u k u
mastifs;m { s t @ f s
piggott;p I g @ t
triumphant;t r\ aI V m f @ n t
slip-ons;s l I p A n z
maxwell;m { k s w E l
garish;g E r\ i S
donegan;d A n i g { n
siddhartha;s i d A r\ t V
letourneau;l E 4 U r\ n @U
beran;b E r\ @ n
enchant;E n tS { n t
hennelly;h E n @ l i:
wens;w E n z
descends;d i s E n d z
yeaman;j i: m @ n
capper;k { p 3:r
rayborn;r\ eI b 3:r n
zapruder;z @ p r\ u 4 3:r
dinardo;d i n A r\ 4 @U
sebby;s E b i:
canvassing;k { n v @ s i N
seery;s i: r\ i:
hashmi(2);h A S m i:
bettenberg;b E t @ n b 3:r g
stagner;s t { g n 3:r
puri;p U r\ i:
aranda;3:r { n d @
dynasty;d aI n @ s t i:
breakey;b r\ eI k i:
jillson;dZ I l s @ n
ladybug;l eI 4 i: b V g
infra;I n f r\ @
wheeled;w i: l d
converse(2);k @ n v 3:r s
captivated;k { p t i v eI 4 i d
flannel;f l { n @ l
orthoclase;O: r\ T @ k l eI s
chaucer's;tS O: s 3:r z
bantz;b { n t s
brieant;b r\ i: @ n t
tibbie;t I b i:
dynalectric;d aI n @ l E k t r\ i k
grzybowski;g 3:r z i b aU s k i:
lacina;l A tS i: n @
beda;b eI 4 @
neild;n i: l d
venegas;v E n i g @ z
magma's;m { g m @ z
recommited(2);r\ i: k @ m I 4 i d
westcoast;w E s t k @U s t
frozen;f r\ @U z @ n
andren;{ n d 3:r @ n
quinon;k w I n @ n
beaverson;b i: v 3:r s @ n
quai(2);k eI
azinger;eI z i N 3:r
renin;r\ i: n @ n
idol;aI 4 @ l
esparza;E s p A r\ z @
lenscrafter;l E n z k r\ { f t 3:r
march's;m A r\ tS i z
guarin(2);g A r\ i n
shangri;S { N g r\ i:
mossman;m O: s m @ n
wanderer;w A n d 3:r 3:r
filthy;f I l T i:
belove;b i l V v
chilton;tS I l t @ n
stabilization;s t eI b @ l @ z eI S @ n
marquerite(2);m A r\ g r\ i t
wallace;w O: l @ s
debel;d E b @ l
paone;p eI @U n
clunks;k l V N k s
lansing's;l { n s i N z
demanded(2);d i m { n d i d
mistrials;m i s t r\ aI @ l z
nicolau;n I k @ l aU
hamstra;h { m s t r\ @
nambi;n { m b i:
kalen;k eI l @ n
byrle;b aI r\ @ l
quieter;k w aI @ 4 3:r
continuance;k @ n t I n j u @ n s
corking;k O: r\ k i N
severally;s E v r\ @ l i:
lily's;l I l i: z
colony;k A l @ n i:
world;w 3:r l d
renegotiate;r\ i: n i g @U S i: eI t
hattie;h { 4 i:
higdon;h I g d @ n
savor;s eI v 3:r
belligerents;b @ l I dZ 3:r @ n t s
microcosm;m aI k r\ @ k A z @ m
nobody'd;n @U b A d i: d
roseanne;r\ @U z { n
desantos;d eI s A n t @U z
suez;s u E z
radish;r\ { 4 i S
puppetry;p V p @ t r\ i:
polychrome(2);p A l i: k r\ @U m
resseguie;r\ E s i g w i:
flowered;f l aU 3:r d
causeless;k A z l @ s
entertaining(2);E n 3:r t eI n i N
roorda;r\ U r\ 4 @
hurts;h 3:r t s
suhler;s u l 3:r
opine;@U p aI n
eurosid;j u r\ @ s i d
delmonte;d E l m A n t i:
racking;r\ { k i N
isolde(2);I s @U l d
inc;I N k
aarons;E r\ @ n z
honeysuckle;h V n i: s V k @ l
dankner;d { N k n 3:r
intertwine;i n t 3:r t w aI n
underemployed;V n d 3:r i m p l OI d
connexions;k @ n E k S @ n z
favorite(2);f eI v r\ @ t
wake;w eI k
ridinger;r\ aI 4 i N 3:r
woodward's;w U d w 3:r d z
cambridge;k eI m b r\ i dZ
galle(2);g { l eI
adverb;{ d v 3:r b
ivern;aI v 3:r n
rothwax;r\ O: T w { k s
sideways;s aI d w eI z
booksmith;b U k s m I T
hank's;h { n k s
steffes;s t E f s
bednorz;b E d n O: r\ z
concubinage;k A n k j u b @ n @ dZ
robin(2);r\ A b i n
avalanche;{ v @ l { n tS
occidentale;A k s i d E n t @ l
djinn;dZ I n
repacked;r\ i: p { k t
mcelheny;m { k @ l h i: n i:
puig;p u g
raptopoulos;r\ { p t A p @U l @ s
tricks;t r\ I k s
wimpee;w I m p i:
daimones;d eI m @U n z
darling;d A r\ l i N
oversold;@U v 3:r s @U l d
ninneman;n I n m @ n
wicket;w I k @ t
benwick;b E n w I k
treuhandanstalt;t r\ u h { n d @ n s t A l t
cub;k V b
kyushu;k j V S u
leysen;l eI s @ n
marxists;m A r\ k s i s t s
kalvar;k { l v A r\
guardians;g A r\ 4 i: @ n z
statement's;s t eI t m @ n t s
silvershoe;s I l v 3:r S u
address;{ d r\ E s
gaitan;g aI t A n
creation;k r\ i: eI S @ n
purim;p U r\ @ m
tuckman;t V k m @ n
galesi;g @ l E s i:
retinoid;r\ E t i n OI d
earth;3:r T
vedette;v i d E t
civitas;s i: v @ 4 @ s
zinser;z I n s 3:r
eitzen;aI t z @ n
capital's;k { p i 4 @ l z
whorls;w 3:r l z
woodland(2);w U d l @ n d
contusion;k @ n t u Z @ n
yearnings;j 3:r n i N z
kightlinger(2);k aI t l i N 3:r
cambrian;k { m b r\ i: @ n
identify;aI d E n t @ f aI
multipurpose;m V l t i: p 3:r p @ s
ewig;j u i g
friesner;f r\ i: s n 3:r
edwardine;i d w O: r\ d aI n
gooey;g u i:
sedlar;s E d l 3:r
sanctioning(2);s { N S @ n i N
suspects(2);s V s p E k t s
kaczor;k A tS 3:r
swartzwelder;s w O: r\ t s w E l d 3:r
tillotson;t I l @ t s @ n
pearce;p I r\ s
vencor;v E n k O: r\
durling;d 3:r l i N
actuators;{ k t j u eI 4 3:r z
symmonds;s I m @ n d z
sohm;s @U m
jasek;j A s E k
conducted;k @ n d V k t @ d
footprint;f U t p r\ I n t
isms;I z @ m z
fighting;f aI 4 i N
shuwa's;S u w @ z
bismuth;b I z m @ T
videos;v I 4 i: @U z
bola;b @U l @
schiavo's;s k i: A v @U z
grumbles;g r\ V m b @ l z
enactment;E n { k t m @ n t
boscarino;b @U s k A r\ i: n @U
roosevelt;r\ @U z @ v E l t
manton;m { n t @ n
pugsley;p V g s l i:
bricom;b r\ I k @ m
pills;p I l z
horner;h O: r\ n 3:r
revalued;r\ i: v { l j u d
grab;g r\ { b
sahl;s A l
berges;b 3:r dZ i z
accusation;{ k j @ z eI S @ n
dano;d A n @U
stransky;s t r\ { n s k i:
leaches;l i: tS i z
garrod;g { r\ @ d
blizzard;b l I z 3:r d
mccurdy;m @ k 3:r 4 i:
stolle;s t A l
heavens;h E v @ n z
regimen;r\ E dZ @ m @ n
hen's;h E n z
wylde;w aI l d
feds;f E d z
present(2);p r\ i: z E n t
fever;f i: v 3:r
trivialized(2);t r\ I v j @ l aI z d
subdivide;s V b d @ v aI d
yarberry;j A r\ b E r\ i:
lenis;l i: n @ s
enforceable;E n f O: r\ s @ b @ l
maule;m O: l
kondracki;k @ n d r\ A t s k i:
widened;w aI d @ n d
drones;d r\ @U n z
alagoas;{ l @ g @U z
burgy;b 3:r dZ i:
klaus;k l aU s
mitra;m I t r\ @
eyewitness;aI w I t n @ s
kenyan;k E n j @ n
disenfranchised;d i s i n f r\ { n tS aI z d
provident;p r\ A v i d @ n t
toledo;t @ l i: 4 @U
unsupported;@ n s @ p O: r\ 4 i d
serrao;s E r\ aU
filippi;f i l I p i:
spout;s p aU t
nieder;n i: 4 3:r
mountainous;m aU n t @ n @ s
garde;g A r\ d
